;repository;method;msa;clustering;nRF;nwk;true_nwk;time
1;1;avg_L-MinEvolRec;macse_msa;true_clustering;0.0;"((transcript_3-15_FBgn0010417:0.546437[&&NHX:label=speciation],(((transcript_7-15_ENSMUSG00000036980:0.006348[&&NHX:label=speciation],transcript_8-15_ENSRNOG00000001355:0.237378[&&NHX:label=speciation])1:0.035951[&&NHX:label=duplication],(transcript_10-15_ENSG00000106290:0.004049[&&NHX:label=speciation],transcript_11-15_ENSPTRG00000019474:0.001615[&&NHX:label=speciation])1:0.004366[&&NHX:label=speciation])1:0.029886[&&NHX:label=duplication],transcript_12-15_ENSDARG00000102998:0.075226[&&NHX:label=speciation])1:0.012841[&&NHX:label=speciation])1:0[&&NHX:label=speciation],((((transcript_7-18_ENSMUSG00000036980:0.006348[&&NHX:label=speciation],(transcript_8-43_ENSRNOG00000001355:0.004[&&NHX:label=speciation],transcript_8-18_ENSRNOG00000001355:0.004[&&NHX:label=speciation])1:0[&&NHX:label=creation])1:0.035951[&&NHX:label=duplication],(transcript_10-18_ENSG00000106290:0.004049[&&NHX:label=speciation],transcript_11-18_ENSPTRG00000019474:0.001615[&&NHX:label=speciation])1:0.004366[&&NHX:label=speciation])1:0.029886[&&NHX:label=duplication],transcript_12-18_ENSDARG00000102998:0.075226[&&NHX:label=speciation])1:0.012841[&&NHX:label=speciation],(((transcript_3-26_FBgn0010417:0[&&NHX:label=speciation],transcript_3-24_FBgn0010417:0[&&NHX:label=speciation])1:0.0055[&&NHX:label=creation],transcript_3-22_FBgn0010417:0.0055[&&NHX:label=speciation])1:0.118722[&&NHX:label=creation],((transcript_3-23_FBgn0010417:0.0035[&&NHX:label=speciation],transcript_3-25_FBgn0010417:0.0035[&&NHX:label=speciation])1:0.00225[&&NHX:label=creation],transcript_3-18_FBgn0010417:0.00575[&&NHX:label=speciation])1:0.118472[&&NHX:label=creation])1:0[&&NHX:label=creation])1:0[&&NHX:label=speciation])1:0[&&NHX:label=creation];";"(((((transcript_3-26_FBgn0010417:1,transcript_3-24_FBgn0010417:1)1:1,transcript_3-22_FBgn0010417:1)1:1,((transcript_3-25_FBgn0010417:1,transcript_3-23_FBgn0010417:1)1:1,transcript_3-18_FBgn0010417:1)1:1)1:1,(((transcript_7-18_ENSMUSG00000036980:1,(transcript_8-43_ENSRNOG00000001355:1,transcript_8-18_ENSRNOG00000001355:1)1:1)1:1,(transcript_10-18_ENSG00000106290:1,transcript_11-18_ENSPTRG00000019474:1)1:1)1:1,transcript_12-18_ENSDARG00000102998:1)1:1)1:1,(transcript_3-15_FBgn0010417:1,(((transcript_7-15_ENSMUSG00000036980:1,transcript_8-15_ENSRNOG00000001355:1)1:1,(transcript_10-15_ENSG00000106290:1,transcript_11-15_ENSPTRG00000019474:1)1:1)1:1,transcript_12-15_ENSDARG00000102998:1)1:1)1:1);";0.5183198451995851
2;2;avg_L-MinEvolRec;macse_msa;true_clustering;0.8;"(transcript_3-16_FBgn0010417:0.546437[&&NHX:label=speciation],((((transcript_7-0_ENSMUSG00000036980:0.006348[&&NHX:label=speciation],(transcript_8-45_ENSRNOG00000001355:0[&&NHX:label=speciation],transcript_8-0_ENSRNOG00000001355:0.237378[&&NHX:label=speciation])1:0[&&NHX:label=creation])1:0.035951[&&NHX:label=duplication],(transcript_10-0_ENSG00000106290:0.004049[&&NHX:label=speciation],transcript_11-0_ENSPTRG00000019474:0.001615[&&NHX:label=speciation])1:0.004366[&&NHX:label=speciation])1:0.029886[&&NHX:label=duplication],transcript_12-0_ENSDARG00000102998:0.075226[&&NHX:label=speciation])1:0[&&NHX:label=speciation],(((transcript_7-16_ENSMUSG00000036980:0.006348[&&NHX:label=speciation],transcript_8-16_ENSRNOG00000001355:0.237378[&&NHX:label=speciation])1:0.035951[&&NHX:label=duplication],(transcript_10-16_ENSG00000106290:0.004049[&&NHX:label=speciation],transcript_11-16_ENSPTRG00000019474:0.001615[&&NHX:label=speciation])1:0.004366[&&NHX:label=speciation])1:0.029886[&&NHX:label=duplication],transcript_12-16_ENSDARG00000102998:0.075226[&&NHX:label=speciation])1:0.012841[&&NHX:label=speciation])1:0[&&NHX:label=creation])1:0[&&NHX:label=speciation];";"((transcript_3-16_FBgn0010417:1,(((transcript_7-16_ENSMUSG00000036980:1,(transcript_8-45_ENSRNOG00000001355:1,transcript_8-16_ENSRNOG00000001355:1)1:1)1:1,(transcript_10-16_ENSG00000106290:1,transcript_11-16_ENSPTRG00000019474:1)1:1)1:1,transcript_12-16_ENSDARG00000102998:1)1:1)1:1,(((transcript_7-0_ENSMUSG00000036980:1,transcript_8-0_ENSRNOG00000001355:1)1:1,(transcript_10-0_ENSG00000106290:1,transcript_11-0_ENSPTRG00000019474:1)1:1)1:1,transcript_12-0_ENSDARG00000102998:1)1:1);";0.2996094226837158
3;3;avg_L-MinEvolRec;macse_msa;true_clustering;0.059000000000000004;"(((transcript_1-18_YGL112C:0.0045[&&NHX:label=speciation],transcript_1-12_YGL112C:0.0045[&&NHX:label=speciation])1:0.0035[&&NHX:label=creation],(transcript_1-1_YGL112C:0.0045[&&NHX:label=speciation],transcript_1-20_YGL112C:0.0045[&&NHX:label=speciation])1:0.0035[&&NHX:label=creation])1:0[&&NHX:label=creation],(((((transcript_7-25_ENSMUSG00000036980:0.006348[&&NHX:label=speciation],transcript_8-25_ENSRNOG00000001355:0.237378[&&NHX:label=speciation])1:0.035951[&&NHX:label=duplication],(transcript_10-25_ENSG00000106290:0.004049[&&NHX:label=speciation],transcript_11-25_ENSPTRG00000019474:0.001615[&&NHX:label=speciation])1:0.004366[&&NHX:label=speciation])1:0.029886[&&NHX:label=duplication],transcript_12-25_ENSDARG00000102998:0.075226[&&NHX:label=speciation])1:0[&&NHX:label=speciation],(((transcript_7-26_ENSMUSG00000036980:0.006348[&&NHX:label=speciation],transcript_8-26_ENSRNOG00000001355:0.237378[&&NHX:label=speciation])1:0.035951[&&NHX:label=duplication],(transcript_10-26_ENSG00000106290:0.004049[&&NHX:label=speciation],transcript_11-26_ENSPTRG00000019474:0.001615[&&NHX:label=speciation])1:0.004366[&&NHX:label=speciation])1:0.029886[&&NHX:label=duplication],transcript_12-26_ENSDARG00000102998:0.075226[&&NHX:label=speciation])1:0[&&NHX:label=speciation])1:0[&&NHX:label=creation],(((transcript_7-1_ENSMUSG00000036980:0.006348[&&NHX:label=speciation],transcript_8-1_ENSRNOG00000001355:0.237378[&&NHX:label=speciation])1:0.035951[&&NHX:label=duplication],(transcript_10-1_ENSG00000106290:0.004049[&&NHX:label=speciation],transcript_11-1_ENSPTRG00000019474:0.001615[&&NHX:label=speciation])1:0.004366[&&NHX:label=speciation])1:0.029886[&&NHX:label=duplication],transcript_12-1_ENSDARG00000102998:0.075226[&&NHX:label=speciation])1:0.012841[&&NHX:label=speciation])1:0[&&NHX:label=creation])1:0[&&NHX:label=speciation];";"(((transcript_1-18_YGL112C:1,transcript_1-12_YGL112C:1)1:1,(transcript_1-20_YGL112C:1,transcript_1-1_YGL112C:1)1:1)1:1,(((((transcript_7-26_ENSMUSG00000036980:1,transcript_8-26_ENSRNOG00000001355:1)1:1,(transcript_10-26_ENSG00000106290:1,transcript_11-26_ENSPTRG00000019474:1)1:1)1:1,transcript_12-26_ENSDARG00000102998:1)1:1,(((transcript_7-1_ENSMUSG00000036980:1,transcript_8-1_ENSRNOG00000001355:1)1:1,(transcript_10-1_ENSG00000106290:1,transcript_11-1_ENSPTRG00000019474:1)1:1)1:1,transcript_12-1_ENSDARG00000102998:1)1:1)1:1,(((transcript_7-25_ENSMUSG00000036980:1,transcript_8-25_ENSRNOG00000001355:1)1:1,(transcript_10-25_ENSG00000106290:1,transcript_11-25_ENSPTRG00000019474:1)1:1)1:1,transcript_12-25_ENSDARG00000102998:1)1:1)1:1);";0.6148033142089844
4;4;avg_L-MinEvolRec;macse_msa;true_clustering;0.0;"(((transcript_7-36_ENSMUSG00000036980:1[&&NHX:label=speciation],(transcript_8-52_ENSRNOG00000001355:1[&&NHX:label=speciation],transcript_8-36_ENSRNOG00000001355:1[&&NHX:label=speciation])1:1[&&NHX:label=creation])1:1[&&NHX:label=duplication],(transcript_10-36_ENSG00000106290:1[&&NHX:label=speciation],transcript_11-36_ENSPTRG00000019474:1[&&NHX:label=speciation])1:1[&&NHX:label=speciation])1:1[&&NHX:label=duplication],transcript_12-36_ENSDARG00000102998:1[&&NHX:label=speciation])1:0[&&NHX:label=speciation];";"(((transcript_7-36_ENSMUSG00000036980:1,(transcript_8-52_ENSRNOG00000001355:1,transcript_8-36_ENSRNOG00000001355:1)1:1)1:1,(transcript_10-36_ENSG00000106290:1,transcript_11-36_ENSPTRG00000019474:1)1:1)1:1,transcript_12-36_ENSDARG00000102998:1);";0.009897708892822266
5;5;avg_L-MinEvolRec;macse_msa;true_clustering;0.0;"(((((transcript_7-0_ENSMUSG00000036980:1[&&NHX:label=speciation],transcript_8-0_ENSRNOG00000001355:1[&&NHX:label=speciation])1:1[&&NHX:label=duplication],(transcript_10-0_ENSG00000106290:1[&&NHX:label=speciation],transcript_11-0_ENSPTRG00000019474:1[&&NHX:label=speciation])1:1[&&NHX:label=speciation])1:1[&&NHX:label=duplication],transcript_12-0_ENSDARG00000102998:1[&&NHX:label=speciation])1:1[&&NHX:label=speciation],(transcript_3-44_FBgn0010417:1[&&NHX:label=speciation],transcript_3-0_FBgn0010417:1[&&NHX:label=speciation])1:1[&&NHX:label=creation])1:1[&&NHX:label=speciation],(transcript_1-14_YGL112C:1[&&NHX:label=speciation],transcript_1-0_YGL112C:1[&&NHX:label=speciation])1:1[&&NHX:label=creation])1:0[&&NHX:label=speciation];";"((transcript_1-14_YGL112C:1,transcript_1-0_YGL112C:1)1:1,((transcript_3-44_FBgn0010417:1,transcript_3-0_FBgn0010417:1)1:1,(((transcript_7-0_ENSMUSG00000036980:1,transcript_8-0_ENSRNOG00000001355:1)1:1,(transcript_10-0_ENSG00000106290:1,transcript_11-0_ENSPTRG00000019474:1)1:1)1:1,transcript_12-0_ENSDARG00000102998:1)1:1)1:1);";0.01612377166748047
6;6;avg_L-MinEvolRec;macse_msa;true_clustering;0.0;"(((((transcript_7-23_ENSMUSG00000036980:0.006348[&&NHX:label=speciation],transcript_8-23_ENSRNOG00000001355:0.237378[&&NHX:label=speciation])1:0.035951[&&NHX:label=duplication],(transcript_10-23_ENSG00000106290:0.004049[&&NHX:label=speciation],transcript_11-23_ENSPTRG00000019474:0.001615[&&NHX:label=speciation])1:0.004366[&&NHX:label=speciation])1:0.029886[&&NHX:label=duplication],transcript_12-23_ENSDARG00000102998:0.075226[&&NHX:label=speciation])1:0.012841[&&NHX:label=speciation],(transcript_3-23_FBgn0010417:0.0055[&&NHX:label=speciation],transcript_3-43_FBgn0010417:0.0055[&&NHX:label=speciation])1:0[&&NHX:label=creation])1:0[&&NHX:label=speciation],((((transcript_7-17_ENSMUSG00000036980:0.006348[&&NHX:label=speciation],transcript_8-17_ENSRNOG00000001355:0.237378[&&NHX:label=speciation])1:0.035951[&&NHX:label=duplication],(transcript_10-17_ENSG00000106290:0.004049[&&NHX:label=speciation],transcript_11-17_ENSPTRG00000019474:0.001615[&&NHX:label=speciation])1:0.004366[&&NHX:label=speciation])1:0.029886[&&NHX:label=duplication],(transcript_12-17_ENSDARG00000102998:0.0055[&&NHX:label=speciation],transcript_12-84_ENSDARG00000102998:0.0055[&&NHX:label=speciation])1:0[&&NHX:label=creation])1:0.012841[&&NHX:label=speciation],((transcript_3-17_FBgn0010417:0.005[&&NHX:label=speciation],transcript_3-50_FBgn0010417:0.005[&&NHX:label=speciation])1:0.00125[&&NHX:label=creation],transcript_3-39_FBgn0010417:0.00625[&&NHX:label=speciation])1:0[&&NHX:label=creation])1:0[&&NHX:label=speciation])1:0[&&NHX:label=creation];";"(((transcript_3-43_FBgn0010417:1,transcript_3-23_FBgn0010417:1)1:1,(((transcript_7-23_ENSMUSG00000036980:1,transcript_8-23_ENSRNOG00000001355:1)1:1,(transcript_10-23_ENSG00000106290:1,transcript_11-23_ENSPTRG00000019474:1)1:1)1:1,transcript_12-23_ENSDARG00000102998:1)1:1)1:1,((transcript_3-39_FBgn0010417:1,(transcript_3-50_FBgn0010417:1,transcript_3-17_FBgn0010417:1)1:1)1:1,(((transcript_7-17_ENSMUSG00000036980:1,transcript_8-17_ENSRNOG00000001355:1)1:1,(transcript_10-17_ENSG00000106290:1,transcript_11-17_ENSPTRG00000019474:1)1:1)1:1,(transcript_12-84_ENSDARG00000102998:1,transcript_12-17_ENSDARG00000102998:1)1:1)1:1)1:1);";0.37413382530212397
7;7;avg_L-MinEvolRec;macse_msa;true_clustering;0.0;"(((((transcript_7-19_ENSMUSG00000036980:0.006348[&&NHX:label=speciation],transcript_8-19_ENSRNOG00000001355:0.237378[&&NHX:label=speciation])1:0.035951[&&NHX:label=duplication],(transcript_10-19_ENSG00000106290:0.004049[&&NHX:label=speciation],transcript_11-19_ENSPTRG00000019474:0.001615[&&NHX:label=speciation])1:0.004366[&&NHX:label=speciation])1:0.029886[&&NHX:label=duplication],transcript_12-19_ENSDARG00000102998:0.075226[&&NHX:label=speciation])1:0.012841[&&NHX:label=speciation],(transcript_3-19_FBgn0010417:0.011[&&NHX:label=speciation],transcript_3-46_FBgn0010417:0.011[&&NHX:label=speciation])1:0[&&NHX:label=creation])1:0[&&NHX:label=speciation],((transcript_3-20_FBgn0010417:0.546437[&&NHX:label=speciation],(((transcript_7-20_ENSMUSG00000036980:0.006348[&&NHX:label=speciation],transcript_8-20_ENSRNOG00000001355:0.237378[&&NHX:label=speciation])1:0.035951[&&NHX:label=duplication],(transcript_10-20_ENSG00000106290:0.004049[&&NHX:label=speciation],transcript_11-20_ENSPTRG00000019474:0.001615[&&NHX:label=speciation])1:0.004366[&&NHX:label=speciation])1:0.029886[&&NHX:label=duplication],transcript_12-20_ENSDARG00000102998:0.075226[&&NHX:label=speciation])1:0.012841[&&NHX:label=speciation])1:0[&&NHX:label=speciation],((((transcript_7-2_ENSMUSG00000036980:0.006348[&&NHX:label=speciation],transcript_8-2_ENSRNOG00000001355:0.237378[&&NHX:label=speciation])1:0.035951[&&NHX:label=duplication],(transcript_10-2_ENSG00000106290:0.004049[&&NHX:label=speciation],transcript_11-2_ENSPTRG00000019474:0.001615[&&NHX:label=speciation])1:0.004366[&&NHX:label=speciation])1:0.029886[&&NHX:label=duplication],transcript_12-2_ENSDARG00000102998:0.075226[&&NHX:label=speciation])1:0.012841[&&NHX:label=speciation],(transcript_3-2_FBgn0010417:0.0055[&&NHX:label=speciation],transcript_3-40_FBgn0010417:0.0055[&&NHX:label=speciation])1:0[&&NHX:label=creation])1:0[&&NHX:label=speciation])1:0[&&NHX:label=creation])1:0[&&NHX:label=creation];";"(((transcript_3-46_FBgn0010417:1,transcript_3-19_FBgn0010417:1)1:1,(((transcript_7-19_ENSMUSG00000036980:1,transcript_8-19_ENSRNOG00000001355:1)1:1,(transcript_10-19_ENSG00000106290:1,transcript_11-19_ENSPTRG00000019474:1)1:1)1:1,transcript_12-19_ENSDARG00000102998:1)1:1)1:1,((transcript_3-20_FBgn0010417:1,(((transcript_7-20_ENSMUSG00000036980:1,transcript_8-20_ENSRNOG00000001355:1)1:1,(transcript_10-20_ENSG00000106290:1,transcript_11-20_ENSPTRG00000019474:1)1:1)1:1,transcript_12-20_ENSDARG00000102998:1)1:1)1:1,((transcript_3-40_FBgn0010417:1,transcript_3-2_FBgn0010417:1)1:1,(((transcript_7-2_ENSMUSG00000036980:1,transcript_8-2_ENSRNOG00000001355:1)1:1,(transcript_10-2_ENSG00000106290:1,transcript_11-2_ENSPTRG00000019474:1)1:1)1:1,transcript_12-2_ENSDARG00000102998:1)1:1)1:1)1:1);";0.8207318782806396
8;8;avg_L-MinEvolRec;macse_msa;true_clustering;0.0;"(transcript_3-11_FBgn0010417:1[&&NHX:label=speciation],(((transcript_7-11_ENSMUSG00000036980:1[&&NHX:label=speciation],(transcript_8-11_ENSRNOG00000001355:1[&&NHX:label=speciation],transcript_8-41_ENSRNOG00000001355:1[&&NHX:label=speciation])1:1[&&NHX:label=creation])1:1[&&NHX:label=duplication],(transcript_10-11_ENSG00000106290:1[&&NHX:label=speciation],transcript_11-11_ENSPTRG00000019474:1[&&NHX:label=speciation])1:1[&&NHX:label=speciation])1:1[&&NHX:label=duplication],transcript_12-11_ENSDARG00000102998:1[&&NHX:label=speciation])1:1[&&NHX:label=speciation])1:0[&&NHX:label=speciation];";"(transcript_3-11_FBgn0010417:1,(((transcript_7-11_ENSMUSG00000036980:1,(transcript_8-41_ENSRNOG00000001355:1,transcript_8-11_ENSRNOG00000001355:1)1:1)1:1,(transcript_10-11_ENSG00000106290:1,transcript_11-11_ENSPTRG00000019474:1)1:1)1:1,transcript_12-11_ENSDARG00000102998:1)1:1);";0.012603044509887695
9;9;avg_L-MinEvolRec;macse_msa;true_clustering;0.0;"(((transcript_7-24_ENSMUSG00000036980:1[&&NHX:label=speciation],transcript_8-24_ENSRNOG00000001355:1[&&NHX:label=speciation])1:1[&&NHX:label=duplication],(transcript_10-24_ENSG00000106290:1[&&NHX:label=speciation],transcript_11-24_ENSPTRG00000019474:1[&&NHX:label=speciation])1:1[&&NHX:label=speciation])1:1[&&NHX:label=duplication],transcript_12-24_ENSDARG00000102998:1[&&NHX:label=speciation])1:0[&&NHX:label=speciation];";"(((transcript_7-24_ENSMUSG00000036980:1,transcript_8-24_ENSRNOG00000001355:1)1:1,(transcript_10-24_ENSG00000106290:1,transcript_11-24_ENSPTRG00000019474:1)1:1)1:1,transcript_12-24_ENSDARG00000102998:1);";0.008256196975708008
10;10;avg_L-MinEvolRec;macse_msa;true_clustering;0.0;"(((((transcript_7-4_ENSMUSG00000036980:0.006348[&&NHX:label=speciation],transcript_8-4_ENSRNOG00000001355:0.237378[&&NHX:label=speciation])1:0.035951[&&NHX:label=duplication],(transcript_10-4_ENSG00000106290:0.004049[&&NHX:label=speciation],transcript_11-4_ENSPTRG00000019474:0.001615[&&NHX:label=speciation])1:0.004366[&&NHX:label=speciation])1:0.029886[&&NHX:label=duplication],transcript_12-4_ENSDARG00000102998:0.075226[&&NHX:label=speciation])1:0.012841[&&NHX:label=speciation],(transcript_3-43_FBgn0010417:0.0105[&&NHX:label=speciation],transcript_3-4_FBgn0010417:0.0105[&&NHX:label=speciation])1:0[&&NHX:label=creation])1:0[&&NHX:label=speciation],(transcript_3-27_FBgn0010417:0.546437[&&NHX:label=speciation],(((transcript_7-27_ENSMUSG00000036980:0.006348[&&NHX:label=speciation],transcript_8-27_ENSRNOG00000001355:0.237378[&&NHX:label=speciation])1:0.035951[&&NHX:label=duplication],(transcript_10-27_ENSG00000106290:0.004049[&&NHX:label=speciation],transcript_11-27_ENSPTRG00000019474:0.001615[&&NHX:label=speciation])1:0.004366[&&NHX:label=speciation])1:0.029886[&&NHX:label=duplication],transcript_12-27_ENSDARG00000102998:0.075226[&&NHX:label=speciation])1:0.012841[&&NHX:label=speciation])1:0[&&NHX:label=speciation])1:0[&&NHX:label=creation];";"((transcript_3-27_FBgn0010417:1,(((transcript_7-27_ENSMUSG00000036980:1,transcript_8-27_ENSRNOG00000001355:1)1:1,(transcript_10-27_ENSG00000106290:1,transcript_11-27_ENSPTRG00000019474:1)1:1)1:1,transcript_12-27_ENSDARG00000102998:1)1:1)1:1,((transcript_3-43_FBgn0010417:1,transcript_3-4_FBgn0010417:1)1:1,(((transcript_7-4_ENSMUSG00000036980:1,transcript_8-4_ENSRNOG00000001355:1)1:1,(transcript_10-4_ENSG00000106290:1,transcript_11-4_ENSPTRG00000019474:1)1:1)1:1,transcript_12-4_ENSDARG00000102998:1)1:1)1:1);";0.2559854984283447
11;11;avg_L-MinEvolRec;macse_msa;true_clustering;0.0;"((transcript_7-0_ggor:0.0156763[&&NHX:label=speciation],((transcript_6-13_hsap:0.00660945[&&NHX:label=speciation],((transcript_4-19_ppan:0.00307243[&&NHX:label=speciation],transcript_5-19_ptro:0.00246757[&&NHX:label=speciation])1:0[&&NHX:label=speciation],(transcript_4-13_ppan:0.00307243[&&NHX:label=speciation],transcript_5-13_ptro:0.00246757[&&NHX:label=speciation])1:0.0430055[&&NHX:label=speciation])1:0[&&NHX:label=creation])1:0[&&NHX:label=speciation],(transcript_6-0_hsap:0.00660945[&&NHX:label=speciation],((transcript_4-20_ppan:0.00307243[&&NHX:label=speciation],transcript_5-20_ptro:0.00246757[&&NHX:label=speciation])1:0[&&NHX:label=speciation],(transcript_4-0_ppan:0.00307243[&&NHX:label=speciation],transcript_5-0_ptro:0.00246757[&&NHX:label=speciation])1:0.0430055[&&NHX:label=speciation])1:0[&&NHX:label=creation])1:0.0175688[&&NHX:label=speciation])1:0[&&NHX:label=creation])1:0.00836254[&&NHX:label=speciation],transcript_8-0_pabe:0.0172631[&&NHX:label=speciation])1:0[&&NHX:label=speciation];";"((((((transcript_4-19_ppan:1,transcript_5-19_ptro:1)1:1,(transcript_4-13_ppan:1,transcript_5-13_ptro:1)1:1)1:1,transcript_6-13_hsap:1)1:1,(((transcript_4-20_ppan:1,transcript_5-20_ptro:1)1:1,(transcript_4-0_ppan:1,transcript_5-0_ptro:1)1:1)1:1,transcript_6-0_hsap:1)1:1)1:1,transcript_7-0_ggor:1)1:1,transcript_8-0_pabe:1);";0.3541369438171387
12;12;avg_L-MinEvolRec;macse_msa;true_clustering;0.455;"((((transcript_10-38_ENSG00000106290:0.004049[&&NHX:label=speciation],transcript_11-38_ENSPTRG00000019474:0.001615[&&NHX:label=speciation])1:0.004366[&&NHX:label=speciation],((transcript_7-59_ENSMUSG00000036980:0.006348[&&NHX:label=speciation],transcript_8-59_ENSRNOG00000001355:0.237378[&&NHX:label=speciation])1:0[&&NHX:label=duplication],(transcript_7-38_ENSMUSG00000036980:0.006348[&&NHX:label=speciation],(transcript_8-38_ENSRNOG00000001355:0.002[&&NHX:label=speciation],transcript_8-68_ENSRNOG00000001355:0.002[&&NHX:label=speciation])1:0[&&NHX:label=creation])1:0.035951[&&NHX:label=duplication])1:0[&&NHX:label=creation])1:0.029886[&&NHX:label=duplication],transcript_12-38_ENSDARG00000102998:0.075226[&&NHX:label=speciation])1:0[&&NHX:label=speciation],(((transcript_7-43_ENSMUSG00000036980:0.006348[&&NHX:label=speciation],transcript_8-43_ENSRNOG00000001355:0.237378[&&NHX:label=speciation])1:0.035951[&&NHX:label=duplication],(transcript_10-43_ENSG00000106290:0.004049[&&NHX:label=speciation],transcript_11-43_ENSPTRG00000019474:0.001615[&&NHX:label=speciation])1:0.004366[&&NHX:label=speciation])1:0.029886[&&NHX:label=duplication],transcript_12-43_ENSDARG00000102998:0.075226[&&NHX:label=speciation])1:0[&&NHX:label=speciation])1:0[&&NHX:label=creation];";"(((((transcript_7-59_ENSMUSG00000036980:1,transcript_8-59_ENSRNOG00000001355:1)1:1,(transcript_7-43_ENSMUSG00000036980:1,transcript_8-43_ENSRNOG00000001355:1)1:1)1:1,(transcript_10-43_ENSG00000106290:1,transcript_11-43_ENSPTRG00000019474:1)1:1)1:1,transcript_12-43_ENSDARG00000102998:1)1:1,(((transcript_7-38_ENSMUSG00000036980:1,(transcript_8-68_ENSRNOG00000001355:1,transcript_8-38_ENSRNOG00000001355:1)1:1)1:1,(transcript_10-38_ENSG00000106290:1,transcript_11-38_ENSPTRG00000019474:1)1:1)1:1,transcript_12-38_ENSDARG00000102998:1)1:1);";0.4263603687286377
13;13;avg_L-MinEvolRec;macse_msa;true_clustering;0.33299999999999996;"((transcript_7-1_ggor:0.0156763[&&NHX:label=speciation],((transcript_6-12_hsap:0[&&NHX:label=speciation],(transcript_4-18_ppan:0.00307243[&&NHX:label=speciation],transcript_5-18_ptro:0.00246757[&&NHX:label=speciation])1:0[&&NHX:label=speciation])1:0[&&NHX:label=speciation],((transcript_4-1_ppan:0.00307243[&&NHX:label=speciation],transcript_5-1_ptro:0.00246757[&&NHX:label=speciation])1:0.0430055[&&NHX:label=speciation],transcript_6-1_hsap:0.00660945[&&NHX:label=speciation])1:0.0175688[&&NHX:label=speciation])1:0[&&NHX:label=creation])1:0.00836254[&&NHX:label=speciation],transcript_8-1_pabe:0.0172631[&&NHX:label=speciation])1:0[&&NHX:label=speciation];";"((((((transcript_4-18_ppan:1,transcript_5-18_ptro:1)1:1,(transcript_4-1_ppan:1,transcript_5-1_ptro:1)1:1)1:1,transcript_6-1_hsap:1)1:1,transcript_6-12_hsap:1)1:1,transcript_7-1_ggor:1)1:1,transcript_8-1_pabe:1);";0.12658119201660156
14;14;avg_L-MinEvolRec;macse_msa;true_clustering;0.0;"((transcript_6-2_hsap:1[&&NHX:label=speciation],(transcript_7-2_ggor:1[&&NHX:label=speciation],transcript_7-32_ggor:1[&&NHX:label=speciation])1:1[&&NHX:label=creation])1:1[&&NHX:label=speciation],transcript_8-2_pabe:1[&&NHX:label=speciation])1:0[&&NHX:label=speciation];";"((transcript_6-2_hsap:1,(transcript_7-32_ggor:1,transcript_7-2_ggor:1)1:1)1:1,transcript_8-2_pabe:1);";0.008062362670898438
15;15;avg_L-MinEvolRec;macse_msa;true_clustering;0.16699999999999998;"((transcript_4-16_ppan:0.00307243[&&NHX:label=speciation],transcript_5-16_ptro:0.00246757[&&NHX:label=speciation])1:0[&&NHX:label=speciation],(((transcript_4-17_ppan:0.00307243[&&NHX:label=speciation],transcript_5-17_ptro:0.00246757[&&NHX:label=speciation])1:0[&&NHX:label=speciation],(transcript_4-15_ppan:0.00307243[&&NHX:label=speciation],transcript_5-15_ptro:0.00246757[&&NHX:label=speciation])1:0[&&NHX:label=speciation])1:0[&&NHX:label=creation],(transcript_4-21_ppan:0.00307243[&&NHX:label=speciation],transcript_5-21_ptro:0.00246757[&&NHX:label=speciation])1:0[&&NHX:label=speciation])1:0[&&NHX:label=creation])1:0[&&NHX:label=creation];";"(((transcript_4-21_ppan:1,transcript_5-21_ptro:1)1:1,(transcript_4-16_ppan:1,transcript_5-16_ptro:1)1:1)1:1,((transcript_4-17_ppan:1,transcript_5-17_ptro:1)1:1,(transcript_4-15_ppan:1,transcript_5-15_ptro:1)1:1)1:1);";0.1547222137451172
16;16;avg_L-MinEvolRec;macse_msa;true_clustering;0.0;"((transcript_7-1_ggor:0.0156763[&&NHX:label=speciation],(((transcript_4-11_ppan:0.00307243[&&NHX:label=speciation],transcript_5-11_ptro:0.00246757[&&NHX:label=speciation])1:0.0430055[&&NHX:label=speciation],transcript_6-11_hsap:0.00660945[&&NHX:label=speciation])1:0[&&NHX:label=speciation],((transcript_4-1_ppan:0.00307243[&&NHX:label=speciation],transcript_5-1_ptro:0.00246757[&&NHX:label=speciation])1:0.0430055[&&NHX:label=speciation],transcript_6-1_hsap:0.00660945[&&NHX:label=speciation])1:0.0175688[&&NHX:label=speciation])1:0[&&NHX:label=creation])1:0.00836254[&&NHX:label=speciation],transcript_8-1_pabe:0.0172631[&&NHX:label=speciation])1:0[&&NHX:label=speciation];";"(((((transcript_4-11_ppan:1,transcript_5-11_ptro:1)1:1,transcript_6-11_hsap:1)1:1,((transcript_4-1_ppan:1,transcript_5-1_ptro:1)1:1,transcript_6-1_hsap:1)1:1)1:1,transcript_7-1_ggor:1)1:1,transcript_8-1_pabe:1);";0.1375722885131836
17;17;avg_L-MinEvolRec;macse_msa;true_clustering;0.2;"((transcript_7-2_ggor:0.0156763[&&NHX:label=speciation],(((transcript_6-10_hsap:0.00660945[&&NHX:label=speciation],((transcript_4-18_ppan:0.00307243[&&NHX:label=speciation],transcript_5-18_ptro:0.00246757[&&NHX:label=speciation])1:0[&&NHX:label=speciation],(transcript_4-10_ppan:0.00307243[&&NHX:label=speciation],transcript_5-10_ptro:0.00246757[&&NHX:label=speciation])1:0.0430055[&&NHX:label=speciation])1:0[&&NHX:label=creation])1:0[&&NHX:label=speciation],(transcript_6-9_hsap:0.00660945[&&NHX:label=speciation],(((transcript_4-22_ppan:0.00307243[&&NHX:label=speciation],transcript_5-22_ptro:0.00246757[&&NHX:label=speciation])1:0[&&NHX:label=speciation],((transcript_4-21_ppan:0.00307243[&&NHX:label=speciation],transcript_5-21_ptro:0.00246757[&&NHX:label=speciation])1:0[&&NHX:label=speciation],(transcript_4-17_ppan:0.00307243[&&NHX:label=speciation],transcript_5-17_ptro:0.00246757[&&NHX:label=speciation])1:0[&&NHX:label=speciation])1:0[&&NHX:label=creation])1:0[&&NHX:label=creation],(transcript_4-9_ppan:0.00307243[&&NHX:label=speciation],transcript_5-9_ptro:0.00246757[&&NHX:label=speciation])1:0.0430055[&&NHX:label=speciation])1:0[&&NHX:label=creation])1:0[&&NHX:label=speciation])1:0[&&NHX:label=creation],transcript_6-2_hsap:0.00660945[&&NHX:label=speciation])1:0[&&NHX:label=creation])1:0.00836254[&&NHX:label=speciation],transcript_8-2_pabe:0.0172631[&&NHX:label=speciation])1:0[&&NHX:label=speciation];";"(((((((transcript_4-22_ppan:1,transcript_5-22_ptro:1)1:1,(transcript_4-17_ppan:1,transcript_5-17_ptro:1)1:1)1:1,((transcript_4-21_ppan:1,transcript_5-21_ptro:1)1:1,(transcript_4-9_ppan:1,transcript_5-9_ptro:1)1:1)1:1)1:1,transcript_6-9_hsap:1)1:1,((((transcript_4-18_ppan:1,transcript_5-18_ptro:1)1:1,(transcript_4-10_ppan:1,transcript_5-10_ptro:1)1:1)1:1,transcript_6-10_hsap:1)1:1,transcript_6-2_hsap:1)1:1)1:1,transcript_7-2_ggor:1)1:1,transcript_8-2_pabe:1);";0.8581216335296631
18;18;avg_L-MinEvolRec;macse_msa;true_clustering;0.14300000000000002;"(((transcript_6-3_hsap:0.00660945[&&NHX:label=speciation],(((transcript_4-20_ppan:0.00307243[&&NHX:label=speciation],transcript_5-20_ptro:0.00246757[&&NHX:label=speciation])1:0[&&NHX:label=speciation],(transcript_4-19_ppan:0.00307243[&&NHX:label=speciation],transcript_5-19_ptro:0.00246757[&&NHX:label=speciation])1:0[&&NHX:label=speciation])1:0[&&NHX:label=creation],(transcript_4-3_ppan:0.00307243[&&NHX:label=speciation],transcript_5-3_ptro:0.00246757[&&NHX:label=speciation])1:0.0430055[&&NHX:label=speciation])1:0[&&NHX:label=creation])1:0.0175688[&&NHX:label=speciation],transcript_7-3_ggor:0.0156763[&&NHX:label=speciation])1:0.00836254[&&NHX:label=speciation],transcript_8-3_pabe:0.0172631[&&NHX:label=speciation])1:0[&&NHX:label=speciation];";"(((((transcript_4-19_ppan:1,transcript_5-19_ptro:1)1:1,((transcript_4-20_ppan:1,transcript_5-20_ptro:1)1:1,(transcript_4-3_ppan:1,transcript_5-3_ptro:1)1:1)1:1)1:1,transcript_6-3_hsap:1)1:1,transcript_7-3_ggor:1)1:1,transcript_8-3_pabe:1);";0.1582949161529541
19;19;avg_L-MinEvolRec;macse_msa;true_clustering;0.25;"((transcript_4-16_ppan:0.00307243[&&NHX:label=speciation],transcript_5-16_ptro:0.00246757[&&NHX:label=speciation])1:0[&&NHX:label=speciation],((transcript_4-15_ppan:0.00307243[&&NHX:label=speciation],transcript_5-15_ptro:0.00246757[&&NHX:label=speciation])1:0[&&NHX:label=speciation],(transcript_4-13_ppan:0.00307243[&&NHX:label=speciation],transcript_5-13_ptro:0.00246757[&&NHX:label=speciation])1:0[&&NHX:label=speciation])1:0[&&NHX:label=creation])1:0[&&NHX:label=creation];";"((transcript_4-15_ppan:1,transcript_5-15_ptro:1)1:1,((transcript_4-16_ppan:1,transcript_5-16_ptro:1)1:1,(transcript_4-13_ppan:1,transcript_5-13_ptro:1)1:1)1:1);";0.08807802200317383
20;20;avg_L-MinEvolRec;macse_msa;true_clustering;0.14300000000000002;"((((transcript_10-39_ENSG00000106290:0.004049[&&NHX:label=speciation],transcript_11-39_ENSPTRG00000019474:0.001615[&&NHX:label=speciation])1:0.004366[&&NHX:label=speciation],transcript_7-39_ENSMUSG00000036980:0.006348[&&NHX:label=speciation])1:0.029886[&&NHX:label=duplication],transcript_12-39_ENSDARG00000102998:0.075226[&&NHX:label=speciation])1:0[&&NHX:label=speciation],((((((transcript_10-41_ENSG00000106290:0.004049[&&NHX:label=speciation],transcript_11-41_ENSPTRG00000019474:0.001615[&&NHX:label=speciation])1:0.004366[&&NHX:label=speciation],transcript_7-41_ENSMUSG00000036980:0.006348[&&NHX:label=speciation])1:0.029886[&&NHX:label=duplication],transcript_12-41_ENSDARG00000102998:0.075226[&&NHX:label=speciation])1:0[&&NHX:label=speciation],((((transcript_10-36_ENSG00000106290:0.004049[&&NHX:label=speciation],transcript_11-36_ENSPTRG00000019474:0.001615[&&NHX:label=speciation])1:0.004366[&&NHX:label=speciation],transcript_7-36_ENSMUSG00000036980:0.006348[&&NHX:label=speciation])1:0.029886[&&NHX:label=duplication],transcript_12-36_ENSDARG00000102998:0.075226[&&NHX:label=speciation])1:0[&&NHX:label=speciation],(((transcript_10-40_ENSG00000106290:0.004049[&&NHX:label=speciation],transcript_11-40_ENSPTRG00000019474:0.001615[&&NHX:label=speciation])1:0.004366[&&NHX:label=speciation],transcript_7-40_ENSMUSG00000036980:0.006348[&&NHX:label=speciation])1:0.029886[&&NHX:label=duplication],transcript_12-40_ENSDARG00000102998:0.075226[&&NHX:label=speciation])1:0[&&NHX:label=speciation])1:0[&&NHX:label=creation])1:0[&&NHX:label=creation],(((transcript_10-42_ENSG00000106290:0.004049[&&NHX:label=speciation],transcript_11-42_ENSPTRG00000019474:0.001615[&&NHX:label=speciation])1:0.004366[&&NHX:label=speciation],transcript_7-42_ENSMUSG00000036980:0.006348[&&NHX:label=speciation])1:0.029886[&&NHX:label=duplication],transcript_12-42_ENSDARG00000102998:0.075226[&&NHX:label=speciation])1:0[&&NHX:label=speciation])1:0[&&NHX:label=creation],((((transcript_10-45_ENSG00000106290:0.004049[&&NHX:label=speciation],transcript_11-45_ENSPTRG00000019474:0.001615[&&NHX:label=speciation])1:0.004366[&&NHX:label=speciation],transcript_7-45_ENSMUSG00000036980:0.006348[&&NHX:label=speciation])1:0.029886[&&NHX:label=duplication],((transcript_12-45_ENSDARG00000102998:0.0055[&&NHX:label=speciation],transcript_12-80_ENSDARG00000102998:0.0055[&&NHX:label=speciation])1:0.005[&&NHX:label=creation],transcript_12-79_ENSDARG00000102998:0.0105[&&NHX:label=speciation])1:0[&&NHX:label=creation])1:0[&&NHX:label=speciation],(((transcript_10-44_ENSG00000106290:0.004049[&&NHX:label=speciation],transcript_11-44_ENSPTRG00000019474:0.001615[&&NHX:label=speciation])1:0.004366[&&NHX:label=speciation],transcript_7-44_ENSMUSG00000036980:0.006348[&&NHX:label=speciation])1:0.029886[&&NHX:label=duplication],transcript_12-44_ENSDARG00000102998:0.075226[&&NHX:label=speciation])1:0[&&NHX:label=speciation])1:0[&&NHX:label=creation])1:0[&&NHX:label=creation])1:0[&&NHX:label=creation];";"(((((transcript_7-44_ENSMUSG00000036980:1,(transcript_10-44_ENSG00000106290:1,transcript_11-44_ENSPTRG00000019474:1)1:1)1:1,transcript_12-44_ENSDARG00000102998:1)1:1,((transcript_7-42_ENSMUSG00000036980:1,(transcript_10-42_ENSG00000106290:1,transcript_11-42_ENSPTRG00000019474:1)1:1)1:1,transcript_12-42_ENSDARG00000102998:1)1:1)1:1,(((transcript_7-45_ENSMUSG00000036980:1,(transcript_10-45_ENSG00000106290:1,transcript_11-45_ENSPTRG00000019474:1)1:1)1:1,(transcript_12-79_ENSDARG00000102998:1,(transcript_12-80_ENSDARG00000102998:1,transcript_12-45_ENSDARG00000102998:1)1:1)1:1)1:1,((transcript_7-39_ENSMUSG00000036980:1,(transcript_10-39_ENSG00000106290:1,transcript_11-39_ENSPTRG00000019474:1)1:1)1:1,transcript_12-39_ENSDARG00000102998:1)1:1)1:1)1:1,((((transcript_7-41_ENSMUSG00000036980:1,(transcript_10-41_ENSG00000106290:1,transcript_11-41_ENSPTRG00000019474:1)1:1)1:1,transcript_12-41_ENSDARG00000102998:1)1:1,((transcript_7-40_ENSMUSG00000036980:1,(transcript_10-40_ENSG00000106290:1,transcript_11-40_ENSPTRG00000019474:1)1:1)1:1,transcript_12-40_ENSDARG00000102998:1)1:1)1:1,((transcript_7-36_ENSMUSG00000036980:1,(transcript_10-36_ENSG00000106290:1,transcript_11-36_ENSPTRG00000019474:1)1:1)1:1,transcript_12-36_ENSDARG00000102998:1)1:1)1:1);";2.8076748847961426
21;21;avg_L-MinEvolRec;macse_msa;true_clustering;0.0;"(((transcript_10-53_ENSG00000106290:1[&&NHX:label=speciation],transcript_11-53_ENSPTRG00000019474:1[&&NHX:label=speciation])1:1[&&NHX:label=speciation],transcript_7-53_ENSMUSG00000036980:1[&&NHX:label=speciation])1:1[&&NHX:label=duplication],transcript_12-53_ENSDARG00000102998:1[&&NHX:label=speciation])1:0[&&NHX:label=speciation];";"((transcript_7-53_ENSMUSG00000036980:1,(transcript_10-53_ENSG00000106290:1,transcript_11-53_ENSPTRG00000019474:1)1:1)1:1,transcript_12-53_ENSDARG00000102998:1);";0.008646965026855469
22;22;avg_L-MinEvolRec;macse_msa;true_clustering;0.0;"(((transcript_6-2_hsap:0.00660945[&&NHX:label=speciation],((transcript_4-2_ppan:0.00307243[&&NHX:label=speciation],transcript_5-2_ptro:0.00246757[&&NHX:label=speciation])1:0.0430055[&&NHX:label=speciation],((transcript_4-15_ppan:0.00307243[&&NHX:label=speciation],transcript_5-15_ptro:0.00246757[&&NHX:label=speciation])1:0[&&NHX:label=speciation],(transcript_4-17_ppan:0.00307243[&&NHX:label=speciation],transcript_5-17_ptro:0.00246757[&&NHX:label=speciation])1:0[&&NHX:label=speciation])1:0[&&NHX:label=creation])1:0[&&NHX:label=creation])1:0.0175688[&&NHX:label=speciation],transcript_7-2_ggor:0.0156763[&&NHX:label=speciation])1:0.00836254[&&NHX:label=speciation],(transcript_8-2_pabe:0.0045[&&NHX:label=speciation],transcript_8-34_pabe:0.0045[&&NHX:label=speciation])1:0[&&NHX:label=creation])1:0[&&NHX:label=speciation];";"((((((transcript_4-17_ppan:1,transcript_5-17_ptro:1)1:1,(transcript_4-15_ppan:1,transcript_5-15_ptro:1)1:1)1:1,(transcript_4-2_ppan:1,transcript_5-2_ptro:1)1:1)1:1,transcript_6-2_hsap:1)1:1,transcript_7-2_ggor:1)1:1,(transcript_8-34_pabe:1,transcript_8-2_pabe:1)1:1);";0.21205854415893555
23;23;avg_L-MinEvolRec;macse_msa;true_clustering;0.0;"((transcript_6-7_hsap:0.00660945[&&NHX:label=speciation],((transcript_4-16_ppan:0.00307243[&&NHX:label=speciation],transcript_5-16_ptro:0.00246757[&&NHX:label=speciation])1:0[&&NHX:label=speciation],(transcript_4-7_ppan:0.00307243[&&NHX:label=speciation],transcript_5-7_ptro:0.00246757[&&NHX:label=speciation])1:0.0430055[&&NHX:label=speciation])1:0[&&NHX:label=creation])1:0.0175688[&&NHX:label=speciation],(transcript_7-27_ggor:0.016[&&NHX:label=speciation],transcript_7-7_ggor:0.016[&&NHX:label=speciation])1:0[&&NHX:label=creation])1:0[&&NHX:label=speciation];";"((((transcript_4-16_ppan:1,transcript_5-16_ptro:1)1:1,(transcript_4-7_ppan:1,transcript_5-7_ptro:1)1:1)1:1,transcript_6-7_hsap:1)1:1,(transcript_7-27_ggor:1,transcript_7-7_ggor:1)1:1);";0.10332512855529784
24;24;avg_L-MinEvolRec;macse_msa;true_clustering;0.0;"(((transcript_6-1_hsap:0.00660945[&&NHX:label=speciation],((transcript_4-12_ppan:0.00307243[&&NHX:label=speciation],transcript_5-12_ptro:0.00246757[&&NHX:label=speciation])1:0[&&NHX:label=speciation],(transcript_4-1_ppan:0.00307243[&&NHX:label=speciation],transcript_5-1_ptro:0.00246757[&&NHX:label=speciation])1:0.0430055[&&NHX:label=speciation])1:0[&&NHX:label=creation])1:0.0175688[&&NHX:label=speciation],transcript_7-1_ggor:0.0156763[&&NHX:label=speciation])1:0.00836254[&&NHX:label=speciation],transcript_8-1_pabe:0.0172631[&&NHX:label=speciation])1:0[&&NHX:label=speciation];";"(((((transcript_4-12_ppan:1,transcript_5-12_ptro:1)1:1,(transcript_4-1_ppan:1,transcript_5-1_ptro:1)1:1)1:1,transcript_6-1_hsap:1)1:1,transcript_7-1_ggor:1)1:1,transcript_8-1_pabe:1);";0.08077192306518555
25;25;avg_L-MinEvolRec;macse_msa;true_clustering;0.25;"((((transcript_6-43_hsap:0.171[&&NHX:label=speciation],((transcript_6-45_hsap:0.0025[&&NHX:label=speciation],transcript_6-2_hsap:0.0025[&&NHX:label=speciation])1:0.056[&&NHX:label=creation],transcript_6-42_hsap:0.0585[&&NHX:label=speciation])1:0.1125[&&NHX:label=creation])1:0[&&NHX:label=creation],((((transcript_4-26_ppan:0.00307243[&&NHX:label=speciation],transcript_5-26_ptro:0.00246757[&&NHX:label=speciation])1:0[&&NHX:label=speciation],(((transcript_4-32_ppan:0.00307243[&&NHX:label=speciation],transcript_5-32_ptro:0.00246757[&&NHX:label=speciation])1:0[&&NHX:label=speciation],((transcript_4-23_ppan:0.00307243[&&NHX:label=speciation],transcript_5-23_ptro:0.00246757[&&NHX:label=speciation])1:0[&&NHX:label=speciation],(transcript_5-20_ptro:0.00246757[&&NHX:label=speciation],(transcript_4-20_ppan:0.0025[&&NHX:label=speciation],transcript_4-37_ppan:0.0025[&&NHX:label=speciation])1:0[&&NHX:label=creation])1:0[&&NHX:label=speciation])1:0[&&NHX:label=creation])1:0[&&NHX:label=creation],(transcript_4-31_ppan:0.00307243[&&NHX:label=speciation],transcript_5-31_ptro:0.00246757[&&NHX:label=speciation])1:0[&&NHX:label=speciation])1:0[&&NHX:label=creation])1:0[&&NHX:label=creation],((transcript_4-25_ppan:0.00307243[&&NHX:label=speciation],transcript_5-25_ptro:0.00246757[&&NHX:label=speciation])1:0[&&NHX:label=speciation],(transcript_4-19_ppan:0.00307243[&&NHX:label=speciation],transcript_5-19_ptro:0.00246757[&&NHX:label=speciation])1:0[&&NHX:label=speciation])1:0[&&NHX:label=creation])1:0[&&NHX:label=creation],(transcript_4-2_ppan:0.00307243[&&NHX:label=speciation],transcript_5-2_ptro:0.00246757[&&NHX:label=speciation])1:0.0430055[&&NHX:label=speciation])1:0[&&NHX:label=creation])1:0.0175688[&&NHX:label=speciation],transcript_7-2_ggor:0.0156763[&&NHX:label=speciation])1:0.00836254[&&NHX:label=speciation],((transcript_8-58_pabe:0.0025[&&NHX:label=speciation],transcript_8-55_pabe:0.0025[&&NHX:label=speciation])1:0.099[&&NHX:label=creation],(transcript_8-56_pabe:0.0595[&&NHX:label=speciation],transcript_8-2_pabe:0.0595[&&NHX:label=speciation])1:0.042[&&NHX:label=creation])1:0[&&NHX:label=creation])1:0[&&NHX:label=speciation];";"((((((transcript_4-26_ppan:1,transcript_5-26_ptro:1)1:1,(transcript_4-19_ppan:1,transcript_5-19_ptro:1)1:1)1:1,(((transcript_4-23_ppan:1,transcript_5-23_ptro:1)1:1,((transcript_4-32_ppan:1,transcript_5-32_ptro:1)1:1,((transcript_4-37_ppan:1,transcript_4-20_ppan:1)1:1,transcript_5-20_ptro:1)1:1)1:1)1:1,(((transcript_4-31_ppan:1,transcript_5-31_ptro:1)1:1,(transcript_4-25_ppan:1,transcript_5-25_ptro:1)1:1)1:1,(transcript_4-2_ppan:1,transcript_5-2_ptro:1)1:1)1:1)1:1)1:1,(transcript_6-42_hsap:1,(transcript_6-43_hsap:1,(transcript_6-45_hsap:1,transcript_6-2_hsap:1)1:1)1:1)1:1)1:1,transcript_7-2_ggor:1)1:1,((transcript_8-58_pabe:1,transcript_8-55_pabe:1)1:1,(transcript_8-56_pabe:1,transcript_8-2_pabe:1)1:1)1:1);";1.6329498291015625
26;26;avg_L-MinEvolRec;macse_msa;true_clustering;0.33299999999999996;"((transcript_6-10_hsap:0.00660945[&&NHX:label=speciation],(((transcript_4-17_ppan:0.00307243[&&NHX:label=speciation],transcript_5-17_ptro:0.00246757[&&NHX:label=speciation])1:0[&&NHX:label=speciation],(transcript_4-16_ppan:0.00307243[&&NHX:label=speciation],transcript_5-16_ptro:0.00246757[&&NHX:label=speciation])1:0[&&NHX:label=speciation])1:0[&&NHX:label=creation],(((transcript_4-18_ppan:0.00307243[&&NHX:label=speciation],transcript_5-18_ptro:0.00246757[&&NHX:label=speciation])1:0[&&NHX:label=speciation],((transcript_4-28_ppan:0.00307243[&&NHX:label=speciation],transcript_5-28_ptro:0.00246757[&&NHX:label=speciation])1:0[&&NHX:label=speciation],(transcript_4-24_ppan:0.00307243[&&NHX:label=speciation],transcript_5-24_ptro:0.00246757[&&NHX:label=speciation])1:0[&&NHX:label=speciation])1:0[&&NHX:label=creation])1:0[&&NHX:label=creation],(transcript_4-10_ppan:0.00307243[&&NHX:label=speciation],transcript_5-10_ptro:0.00246757[&&NHX:label=speciation])1:0.0430055[&&NHX:label=speciation])1:0[&&NHX:label=creation])1:0[&&NHX:label=creation])1:0[&&NHX:label=speciation],((((transcript_4-7_ppan:0.00307243[&&NHX:label=speciation],transcript_5-7_ptro:0.00246757[&&NHX:label=speciation])1:0.0430055[&&NHX:label=speciation],transcript_6-7_hsap:0.00660945[&&NHX:label=speciation])1:0[&&NHX:label=speciation],(transcript_6-13_hsap:0.00660945[&&NHX:label=speciation],((transcript_4-30_ppan:0.00307243[&&NHX:label=speciation],transcript_5-30_ptro:0.00246757[&&NHX:label=speciation])1:0[&&NHX:label=speciation],(transcript_4-13_ppan:0.00307243[&&NHX:label=speciation],transcript_5-13_ptro:0.00246757[&&NHX:label=speciation])1:0.0430055[&&NHX:label=speciation])1:0[&&NHX:label=creation])1:0[&&NHX:label=speciation])1:0[&&NHX:label=creation],(transcript_6-9_hsap:0.00660945[&&NHX:label=speciation],((transcript_4-27_ppan:0.00307243[&&NHX:label=speciation],transcript_5-27_ptro:0.00246757[&&NHX:label=speciation])1:0[&&NHX:label=speciation],(transcript_4-9_ppan:0.00307243[&&NHX:label=speciation],transcript_5-9_ptro:0.00246757[&&NHX:label=speciation])1:0.0430055[&&NHX:label=speciation])1:0[&&NHX:label=creation])1:0[&&NHX:label=speciation])1:0[&&NHX:label=creation])1:0[&&NHX:label=creation];";"(((transcript_4-9_ppan:1,transcript_5-9_ptro:1)1:1,transcript_6-9_hsap:1)1:1,((((transcript_4-17_ppan:1,transcript_5-17_ptro:1)1:1,((((transcript_4-28_ppan:1,transcript_5-28_ptro:1)1:1,(transcript_4-24_ppan:1,transcript_5-24_ptro:1)1:1)1:1,(transcript_4-18_ppan:1,transcript_5-18_ptro:1)1:1)1:1,(transcript_4-10_ppan:1,transcript_5-10_ptro:1)1:1)1:1)1:1,transcript_6-10_hsap:1)1:1,((((transcript_4-30_ppan:1,transcript_5-30_ptro:1)1:1,(transcript_4-13_ppan:1,transcript_5-13_ptro:1)1:1)1:1,transcript_6-13_hsap:1)1:1,(((transcript_4-16_ppan:1,transcript_5-16_ptro:1)1:1,((transcript_4-27_ppan:1,transcript_5-27_ptro:1)1:1,(transcript_4-7_ppan:1,transcript_5-7_ptro:1)1:1)1:1)1:1,transcript_6-7_hsap:1)1:1)1:1)1:1);";1.7306370735168457
27;27;avg_L-MinEvolRec;macse_msa;true_clustering;0.15;"((transcript_6-9_hsap:0.00660945[&&NHX:label=speciation],((transcript_4-9_ppan:0.00307243[&&NHX:label=speciation],transcript_5-9_ptro:0.00246757[&&NHX:label=speciation])1:0.0430055[&&NHX:label=speciation],((transcript_4-38_ppan:0.00307243[&&NHX:label=speciation],transcript_5-38_ptro:0.00246757[&&NHX:label=speciation])1:0[&&NHX:label=speciation],(transcript_4-30_ppan:0.00307243[&&NHX:label=speciation],transcript_5-30_ptro:0.00246757[&&NHX:label=speciation])1:0[&&NHX:label=speciation])1:0[&&NHX:label=creation])1:0[&&NHX:label=creation])1:0[&&NHX:label=speciation],((((transcript_4-39_ppan:0.00307243[&&NHX:label=speciation],transcript_5-39_ptro:0.00246757[&&NHX:label=speciation])1:0[&&NHX:label=speciation],(transcript_4-19_ppan:0.00307243[&&NHX:label=speciation],transcript_5-19_ptro:0.00246757[&&NHX:label=speciation])1:0.0430055[&&NHX:label=speciation])1:0[&&NHX:label=creation],(((transcript_6-49_hsap:0.006[&&NHX:label=speciation],transcript_6-14_hsap:0.006[&&NHX:label=speciation])1:0.04975[&&NHX:label=creation],transcript_6-50_hsap:0.05575[&&NHX:label=speciation])1:0[&&NHX:label=creation],transcript_6-19_hsap:0.00660945[&&NHX:label=speciation])1:0[&&NHX:label=creation])1:0[&&NHX:label=speciation],(transcript_6-15_hsap:0.00660945[&&NHX:label=speciation],(((transcript_4-32_ppan:0.00307243[&&NHX:label=speciation],transcript_5-32_ptro:0.00246757[&&NHX:label=speciation])1:0[&&NHX:label=speciation],(transcript_4-34_ppan:0.00307243[&&NHX:label=speciation],transcript_5-34_ptro:0.00246757[&&NHX:label=speciation])1:0[&&NHX:label=speciation])1:0[&&NHX:label=creation],(transcript_4-15_ppan:0.00307243[&&NHX:label=speciation],transcript_5-15_ptro:0.00246757[&&NHX:label=speciation])1:0.0430055[&&NHX:label=speciation])1:0[&&NHX:label=creation])1:0[&&NHX:label=speciation])1:0[&&NHX:label=creation])1:0[&&NHX:label=creation];";"(((((transcript_4-39_ppan:1,transcript_5-39_ptro:1)1:1,(transcript_4-19_ppan:1,transcript_5-19_ptro:1)1:1)1:1,transcript_6-19_hsap:1)1:1,(transcript_6-49_hsap:1,(transcript_6-50_hsap:1,transcript_6-14_hsap:1)1:1)1:1)1:1,(((((transcript_4-34_ppan:1,transcript_5-34_ptro:1)1:1,(transcript_4-32_ppan:1,transcript_5-32_ptro:1)1:1)1:1,(transcript_4-15_ppan:1,transcript_5-15_ptro:1)1:1)1:1,transcript_6-15_hsap:1)1:1,((((transcript_4-38_ppan:1,transcript_5-38_ptro:1)1:1,(transcript_4-30_ppan:1,transcript_5-30_ptro:1)1:1)1:1,(transcript_4-9_ppan:1,transcript_5-9_ptro:1)1:1)1:1,transcript_6-9_hsap:1)1:1)1:1);";1.5567314624786377
28;28;avg_L-MinEvolRec;macse_msa;true_clustering;0.0;"((transcript_4-26_ppan:0.00307243[&&NHX:label=speciation],transcript_5-26_ptro:0.00246757[&&NHX:label=speciation])1:0[&&NHX:label=speciation],((transcript_4-27_ppan:0.00307243[&&NHX:label=speciation],transcript_5-27_ptro:0.00246757[&&NHX:label=speciation])1:0[&&NHX:label=speciation],(transcript_4-21_ppan:0.00307243[&&NHX:label=speciation],transcript_5-21_ptro:0.00246757[&&NHX:label=speciation])1:0[&&NHX:label=speciation])1:0[&&NHX:label=creation])1:0[&&NHX:label=creation];";"((transcript_4-26_ppan:1,transcript_5-26_ptro:1)1:1,((transcript_4-27_ppan:1,transcript_5-27_ptro:1)1:1,(transcript_4-21_ppan:1,transcript_5-21_ptro:1)1:1)1:1);";0.08571624755859375
29;29;avg_L-MinEvolRec;macse_msa;true_clustering;0.375;"((transcript_4-22_ppan:0.00307243[&&NHX:label=speciation],transcript_5-22_ptro:0.00246757[&&NHX:label=speciation])1:0[&&NHX:label=speciation],(((transcript_4-25_ppan:0.00307243[&&NHX:label=speciation],transcript_5-25_ptro:0.00246757[&&NHX:label=speciation])1:0[&&NHX:label=speciation],(transcript_4-24_ppan:0.00307243[&&NHX:label=speciation],transcript_5-24_ptro:0.00246757[&&NHX:label=speciation])1:0[&&NHX:label=speciation])1:0[&&NHX:label=creation],((transcript_4-29_ppan:0.00307243[&&NHX:label=speciation],transcript_5-29_ptro:0.00246757[&&NHX:label=speciation])1:0[&&NHX:label=speciation],(transcript_4-33_ppan:0.00307243[&&NHX:label=speciation],transcript_5-33_ptro:0.00246757[&&NHX:label=speciation])1:0[&&NHX:label=speciation])1:0[&&NHX:label=creation])1:0[&&NHX:label=creation])1:0[&&NHX:label=creation];";"(((transcript_4-33_ppan:1,transcript_5-33_ptro:1)1:1,(transcript_4-24_ppan:1,transcript_5-24_ptro:1)1:1)1:1,((transcript_4-25_ppan:1,transcript_5-25_ptro:1)1:1,((transcript_4-29_ppan:1,transcript_5-29_ptro:1)1:1,(transcript_4-22_ppan:1,transcript_5-22_ptro:1)1:1)1:1)1:1);";0.31770849227905273
30;30;avg_L-MinEvolRec;macse_msa;true_clustering;0.0;"(((transcript_6-0_hsap:0.00660945[&&NHX:label=speciation],((transcript_4-14_ppan:0.00307243[&&NHX:label=speciation],transcript_5-14_ptro:0.00246757[&&NHX:label=speciation])1:0[&&NHX:label=speciation],(transcript_4-0_ppan:0.00307243[&&NHX:label=speciation],transcript_5-0_ptro:0.00246757[&&NHX:label=speciation])1:0.0430055[&&NHX:label=speciation])1:0[&&NHX:label=creation])1:0.0175688[&&NHX:label=speciation],transcript_7-0_ggor:0.0156763[&&NHX:label=speciation])1:0.00836254[&&NHX:label=speciation],transcript_8-0_pabe:0.0172631[&&NHX:label=speciation])1:0[&&NHX:label=speciation];";"(((((transcript_4-14_ppan:1,transcript_5-14_ptro:1)1:1,(transcript_4-0_ppan:1,transcript_5-0_ptro:1)1:1)1:1,transcript_6-0_hsap:1)1:1,transcript_7-0_ggor:1)1:1,transcript_8-0_pabe:1);";0.08202290534973145
31;31;avg_L-MinEvolRec;macse_msa;true_clustering;0.267;"(((transcript_6-4_hsap:0.00660945[&&NHX:label=speciation],((((transcript_4-15_ppan:0.00307243[&&NHX:label=speciation],transcript_5-15_ptro:0.00246757[&&NHX:label=speciation])1:0[&&NHX:label=speciation],(transcript_4-13_ppan:0.00307243[&&NHX:label=speciation],transcript_5-13_ptro:0.00246757[&&NHX:label=speciation])1:0[&&NHX:label=speciation])1:0[&&NHX:label=creation],(((transcript_4-12_ppan:0.00307243[&&NHX:label=speciation],transcript_5-12_ptro:0.00246757[&&NHX:label=speciation])1:0[&&NHX:label=speciation],(transcript_4-16_ppan:0.00307243[&&NHX:label=speciation],transcript_5-16_ptro:0.00246757[&&NHX:label=speciation])1:0[&&NHX:label=speciation])1:0[&&NHX:label=creation],(transcript_4-17_ppan:0.00307243[&&NHX:label=speciation],transcript_5-17_ptro:0.00246757[&&NHX:label=speciation])1:0[&&NHX:label=speciation])1:0[&&NHX:label=creation])1:0[&&NHX:label=creation],(transcript_4-4_ppan:0.00307243[&&NHX:label=speciation],transcript_5-4_ptro:0.00246757[&&NHX:label=speciation])1:0.0430055[&&NHX:label=speciation])1:0[&&NHX:label=creation])1:0.0175688[&&NHX:label=speciation],(transcript_7-4_ggor:0.005[&&NHX:label=speciation],transcript_7-32_ggor:0.005[&&NHX:label=speciation])1:0[&&NHX:label=creation])1:0.00836254[&&NHX:label=speciation],(transcript_8-39_pabe:0.0045[&&NHX:label=speciation],transcript_8-4_pabe:0.0045[&&NHX:label=speciation])1:0[&&NHX:label=creation])1:0[&&NHX:label=speciation];";"(((((transcript_4-12_ppan:1,transcript_5-12_ptro:1)1:1,(((transcript_4-17_ppan:1,transcript_5-17_ptro:1)1:1,(transcript_4-13_ppan:1,transcript_5-13_ptro:1)1:1)1:1,((transcript_4-15_ppan:1,transcript_5-15_ptro:1)1:1,((transcript_4-16_ppan:1,transcript_5-16_ptro:1)1:1,(transcript_4-4_ppan:1,transcript_5-4_ptro:1)1:1)1:1)1:1)1:1)1:1,transcript_6-4_hsap:1)1:1,(transcript_7-32_ggor:1,transcript_7-4_ggor:1)1:1)1:1,(transcript_8-39_pabe:1,transcript_8-4_pabe:1)1:1);";0.7442305088043213
32;32;avg_L-MinEvolRec;macse_msa;true_clustering;0.4;"(transcript_7-5_ggor:0.0156763[&&NHX:label=speciation],(((transcript_6-38_hsap:0.006[&&NHX:label=speciation],transcript_6-5_hsap:0.006[&&NHX:label=speciation])1:0[&&NHX:label=creation],((transcript_4-5_ppan:0.00307243[&&NHX:label=speciation],transcript_5-5_ptro:0.00246757[&&NHX:label=speciation])1:0.0430055[&&NHX:label=speciation],((transcript_4-26_ppan:0.00307243[&&NHX:label=speciation],transcript_5-26_ptro:0.00246757[&&NHX:label=speciation])1:0[&&NHX:label=speciation],(transcript_4-23_ppan:0.00307243[&&NHX:label=speciation],transcript_5-23_ptro:0.00246757[&&NHX:label=speciation])1:0[&&NHX:label=speciation])1:0[&&NHX:label=creation])1:0[&&NHX:label=creation])1:0.0175688[&&NHX:label=speciation],(((transcript_4-14_ppan:0.00307243[&&NHX:label=speciation],transcript_5-14_ptro:0.00246757[&&NHX:label=speciation])1:0.0430055[&&NHX:label=speciation],transcript_6-14_hsap:0.00660945[&&NHX:label=speciation])1:0[&&NHX:label=speciation],(transcript_6-12_hsap:0.00660945[&&NHX:label=speciation],((transcript_4-21_ppan:0.00307243[&&NHX:label=speciation],transcript_5-21_ptro:0.00246757[&&NHX:label=speciation])1:0[&&NHX:label=speciation],(transcript_4-12_ppan:0.00307243[&&NHX:label=speciation],transcript_5-12_ptro:0.00246757[&&NHX:label=speciation])1:0.0430055[&&NHX:label=speciation])1:0[&&NHX:label=creation])1:0[&&NHX:label=speciation])1:0[&&NHX:label=creation])1:0[&&NHX:label=creation])1:0[&&NHX:label=speciation];";"(((((transcript_4-14_ppan:1,transcript_5-14_ptro:1)1:1,transcript_6-14_hsap:1)1:1,(((transcript_4-23_ppan:1,transcript_5-23_ptro:1)1:1,(transcript_4-12_ppan:1,transcript_5-12_ptro:1)1:1)1:1,transcript_6-12_hsap:1)1:1)1:1,((((transcript_4-26_ppan:1,transcript_5-26_ptro:1)1:1,(transcript_4-21_ppan:1,transcript_5-21_ptro:1)1:1)1:1,(transcript_4-5_ppan:1,transcript_5-5_ptro:1)1:1)1:1,(transcript_6-38_hsap:1,transcript_6-5_hsap:1)1:1)1:1)1:1,transcript_7-5_ggor:1);";0.7782526016235352
33;33;avg_L-MinEvolRec;macse_msa;true_clustering;0.25;"((transcript_4-25_ppan:0.00307243[&&NHX:label=speciation],transcript_5-25_ptro:0.00246757[&&NHX:label=speciation])1:0[&&NHX:label=speciation],((transcript_4-22_ppan:0.00307243[&&NHX:label=speciation],transcript_5-22_ptro:0.00246757[&&NHX:label=speciation])1:0[&&NHX:label=speciation],(transcript_4-16_ppan:0.00307243[&&NHX:label=speciation],transcript_5-16_ptro:0.00246757[&&NHX:label=speciation])1:0[&&NHX:label=speciation])1:0[&&NHX:label=creation])1:0[&&NHX:label=creation];";"((transcript_4-22_ppan:1,transcript_5-22_ptro:1)1:1,((transcript_4-25_ppan:1,transcript_5-25_ptro:1)1:1,(transcript_4-16_ppan:1,transcript_5-16_ptro:1)1:1)1:1);";0.08244872093200684
34;34;avg_L-MinEvolRec;macse_msa;true_clustering;0.0;"((transcript_4-27_ppan:0.00307243[&&NHX:label=speciation],transcript_5-27_ptro:0.00246757[&&NHX:label=speciation])1:0[&&NHX:label=speciation],(transcript_4-17_ppan:0.00307243[&&NHX:label=speciation],transcript_5-17_ptro:0.00246757[&&NHX:label=speciation])1:0[&&NHX:label=speciation])1:0[&&NHX:label=creation];";"((transcript_4-27_ppan:1,transcript_5-27_ptro:1)1:1,(transcript_4-17_ppan:1,transcript_5-17_ptro:1)1:1);";0.03423762321472168
35;35;avg_L-MinEvolRec;macse_msa;true_clustering;0.0;"(((transcript_6-2_hsap:0.00660945[&&NHX:label=speciation],((transcript_4-19_ppan:0.00307243[&&NHX:label=speciation],transcript_5-19_ptro:0.00246757[&&NHX:label=speciation])1:0[&&NHX:label=speciation],(transcript_4-2_ppan:0.00307243[&&NHX:label=speciation],transcript_5-2_ptro:0.00246757[&&NHX:label=speciation])1:0.0430055[&&NHX:label=speciation])1:0[&&NHX:label=creation])1:0.0175688[&&NHX:label=speciation],transcript_7-2_ggor:0.0156763[&&NHX:label=speciation])1:0.00836254[&&NHX:label=speciation],transcript_8-2_pabe:0.0172631[&&NHX:label=speciation])1:0[&&NHX:label=speciation];";"(((((transcript_4-19_ppan:1,transcript_5-19_ptro:1)1:1,(transcript_4-2_ppan:1,transcript_5-2_ptro:1)1:1)1:1,transcript_6-2_hsap:1)1:1,transcript_7-2_ggor:1)1:1,transcript_8-2_pabe:1);";0.08619427680969237
36;36;avg_L-MinEvolRec;macse_msa;true_clustering;0.25;"((transcript_6-6_hsap:0.00660945[&&NHX:label=speciation],(((transcript_4-15_ppan:0.00307243[&&NHX:label=speciation],transcript_5-15_ptro:0.00246757[&&NHX:label=speciation])1:0[&&NHX:label=speciation],(transcript_4-14_ppan:0.00307243[&&NHX:label=speciation],transcript_5-14_ptro:0.00246757[&&NHX:label=speciation])1:0[&&NHX:label=speciation])1:0[&&NHX:label=creation],((transcript_4-24_ppan:0.00307243[&&NHX:label=speciation],transcript_5-24_ptro:0.00246757[&&NHX:label=speciation])1:0[&&NHX:label=speciation],(transcript_4-6_ppan:0.00307243[&&NHX:label=speciation],transcript_5-6_ptro:0.00246757[&&NHX:label=speciation])1:0.0430055[&&NHX:label=speciation])1:0[&&NHX:label=creation])1:0[&&NHX:label=creation])1:0.0175688[&&NHX:label=speciation],transcript_7-6_ggor:0.0156763[&&NHX:label=speciation])1:0[&&NHX:label=speciation];";"((((transcript_4-14_ppan:1,transcript_5-14_ptro:1)1:1,(((transcript_4-24_ppan:1,transcript_5-24_ptro:1)1:1,(transcript_4-15_ppan:1,transcript_5-15_ptro:1)1:1)1:1,(transcript_4-6_ppan:1,transcript_5-6_ptro:1)1:1)1:1)1:1,transcript_6-6_hsap:1)1:1,transcript_7-6_ggor:1);";0.2713751792907715
37;37;avg_L-MinEvolRec;macse_msa;true_clustering;0.444;"(transcript_7-7_ggor:0.0156763[&&NHX:label=speciation],((transcript_6-7_hsap:0.00660945[&&NHX:label=speciation],((transcript_4-27_ppan:0.00307243[&&NHX:label=speciation],transcript_5-27_ptro:0.00246757[&&NHX:label=speciation])1:0[&&NHX:label=speciation],(transcript_4-7_ppan:0.00307243[&&NHX:label=speciation],transcript_5-7_ptro:0.00246757[&&NHX:label=speciation])1:0.0430055[&&NHX:label=speciation])1:0[&&NHX:label=creation])1:0.0175688[&&NHX:label=speciation],(((transcript_4-11_ppan:0.00307243[&&NHX:label=speciation],transcript_5-11_ptro:0.00246757[&&NHX:label=speciation])1:0.0430055[&&NHX:label=speciation],transcript_6-11_hsap:0.00660945[&&NHX:label=speciation])1:0[&&NHX:label=speciation],(transcript_6-10_hsap:0.00660945[&&NHX:label=speciation],(((transcript_4-18_ppan:0.00307243[&&NHX:label=speciation],transcript_5-18_ptro:0.00246757[&&NHX:label=speciation])1:0[&&NHX:label=speciation],((transcript_4-25_ppan:0.00307243[&&NHX:label=speciation],transcript_5-25_ptro:0.00246757[&&NHX:label=speciation])1:0[&&NHX:label=speciation],(transcript_4-22_ppan:0.00307243[&&NHX:label=speciation],transcript_5-22_ptro:0.00246757[&&NHX:label=speciation])1:0[&&NHX:label=speciation])1:0[&&NHX:label=creation])1:0[&&NHX:label=creation],((transcript_4-29_ppan:0.00307243[&&NHX:label=speciation],transcript_5-29_ptro:0.00246757[&&NHX:label=speciation])1:0[&&NHX:label=speciation],(transcript_4-10_ppan:0.00307243[&&NHX:label=speciation],transcript_5-10_ptro:0.00246757[&&NHX:label=speciation])1:0.0430055[&&NHX:label=speciation])1:0[&&NHX:label=creation])1:0[&&NHX:label=creation])1:0[&&NHX:label=speciation])1:0[&&NHX:label=creation])1:0[&&NHX:label=creation])1:0[&&NHX:label=speciation];";"((((((transcript_4-22_ppan:1,transcript_5-22_ptro:1)1:1,((transcript_4-29_ppan:1,transcript_5-29_ptro:1)1:1,(transcript_4-11_ppan:1,transcript_5-11_ptro:1)1:1)1:1)1:1,transcript_6-11_hsap:1)1:1,(((transcript_4-25_ppan:1,transcript_5-25_ptro:1)1:1,(transcript_4-10_ppan:1,transcript_5-10_ptro:1)1:1)1:1,transcript_6-10_hsap:1)1:1)1:1,(((transcript_4-18_ppan:1,transcript_5-18_ptro:1)1:1,((transcript_4-27_ppan:1,transcript_5-27_ptro:1)1:1,(transcript_4-7_ppan:1,transcript_5-7_ptro:1)1:1)1:1)1:1,transcript_6-7_hsap:1)1:1)1:1,transcript_7-7_ggor:1);";0.5304617881774902
38;38;avg_L-MinEvolRec;macse_msa;true_clustering;0.25;"((transcript_4-28_ppan:0.00307243[&&NHX:label=speciation],transcript_5-28_ptro:0.00246757[&&NHX:label=speciation])1:0[&&NHX:label=speciation],(((transcript_4-23_ppan:0.00307243[&&NHX:label=speciation],transcript_5-23_ptro:0.00246757[&&NHX:label=speciation])1:0[&&NHX:label=speciation],(transcript_4-16_ppan:0.00307243[&&NHX:label=speciation],transcript_5-16_ptro:0.00246757[&&NHX:label=speciation])1:0[&&NHX:label=speciation])1:0[&&NHX:label=creation],((transcript_4-17_ppan:0.00307243[&&NHX:label=speciation],transcript_5-17_ptro:0.00246757[&&NHX:label=speciation])1:0[&&NHX:label=speciation],(transcript_4-12_ppan:0.00307243[&&NHX:label=speciation],transcript_5-12_ptro:0.00246757[&&NHX:label=speciation])1:0[&&NHX:label=speciation])1:0[&&NHX:label=creation])1:0[&&NHX:label=creation])1:0[&&NHX:label=creation];";"(((transcript_4-23_ppan:1,transcript_5-23_ptro:1)1:1,(transcript_4-16_ppan:1,transcript_5-16_ptro:1)1:1)1:1,(((transcript_4-28_ppan:1,transcript_5-28_ptro:1)1:1,(transcript_4-17_ppan:1,transcript_5-17_ptro:1)1:1)1:1,(transcript_4-12_ppan:1,transcript_5-12_ptro:1)1:1)1:1);";0.1637890338897705
39;39;avg_L-MinEvolRec;macse_msa;true_clustering;0.0;"((transcript_4-20_ppan:0.00307243[&&NHX:label=speciation],transcript_5-20_ptro:0.00246757[&&NHX:label=speciation])1:0[&&NHX:label=speciation],((transcript_4-13_ppan:0.00307243[&&NHX:label=speciation],transcript_5-13_ptro:0.00246757[&&NHX:label=speciation])1:0[&&NHX:label=speciation],(transcript_4-26_ppan:0.00307243[&&NHX:label=speciation],transcript_5-26_ptro:0.00246757[&&NHX:label=speciation])1:0[&&NHX:label=speciation])1:0[&&NHX:label=creation])1:0[&&NHX:label=creation];";"((transcript_4-20_ppan:1,transcript_5-20_ptro:1)1:1,((transcript_4-26_ppan:1,transcript_5-26_ptro:1)1:1,(transcript_4-13_ppan:1,transcript_5-13_ptro:1)1:1)1:1);";0.05503034591674805
40;40;avg_L-MinEvolRec;macse_msa;true_clustering;0.444;"((transcript_7-0_ggor:0.0156763[&&NHX:label=speciation],(((transcript_6-10_hsap:0.00660945[&&NHX:label=speciation],((transcript_4-25_ppan:0.00307243[&&NHX:label=speciation],transcript_5-25_ptro:0.00246757[&&NHX:label=speciation])1:0[&&NHX:label=speciation],(transcript_4-10_ppan:0.00307243[&&NHX:label=speciation],transcript_5-10_ptro:0.00246757[&&NHX:label=speciation])1:0.0430055[&&NHX:label=speciation])1:0[&&NHX:label=creation])1:0[&&NHX:label=speciation],(transcript_6-9_hsap:0.00660945[&&NHX:label=speciation],((transcript_4-9_ppan:0.00307243[&&NHX:label=speciation],transcript_5-9_ptro:0.00246757[&&NHX:label=speciation])1:0.0430055[&&NHX:label=speciation],((((transcript_4-26_ppan:0.00307243[&&NHX:label=speciation],transcript_5-26_ptro:0.00246757[&&NHX:label=speciation])1:0[&&NHX:label=speciation],((transcript_4-19_ppan:0.00307243[&&NHX:label=speciation],transcript_5-19_ptro:0.00246757[&&NHX:label=speciation])1:0[&&NHX:label=speciation],(transcript_4-17_ppan:0.00307243[&&NHX:label=speciation],transcript_5-17_ptro:0.00246757[&&NHX:label=speciation])1:0[&&NHX:label=speciation])1:0[&&NHX:label=creation])1:0[&&NHX:label=creation],(((transcript_4-18_ppan:0.00307243[&&NHX:label=speciation],transcript_5-18_ptro:0.00246757[&&NHX:label=speciation])1:0[&&NHX:label=speciation],(transcript_4-30_ppan:0.00307243[&&NHX:label=speciation],transcript_5-30_ptro:0.00246757[&&NHX:label=speciation])1:0[&&NHX:label=speciation])1:0[&&NHX:label=creation],(transcript_4-33_ppan:0.00307243[&&NHX:label=speciation],transcript_5-33_ptro:0.00246757[&&NHX:label=speciation])1:0[&&NHX:label=speciation])1:0[&&NHX:label=creation])1:0[&&NHX:label=creation],(transcript_4-34_ppan:0.00307243[&&NHX:label=speciation],transcript_5-34_ptro:0.00246757[&&NHX:label=speciation])1:0[&&NHX:label=speciation])1:0[&&NHX:label=creation])1:0[&&NHX:label=creation])1:0[&&NHX:label=speciation])1:0[&&NHX:label=creation],(((transcript_4-13_ppan:0.00307243[&&NHX:label=speciation],transcript_5-13_ptro:0.00246757[&&NHX:label=speciation])1:0.0430055[&&NHX:label=speciation],transcript_6-13_hsap:0.00660945[&&NHX:label=speciation])1:0[&&NHX:label=speciation],(transcript_6-0_hsap:0.00660945[&&NHX:label=speciation],((((transcript_4-36_ppan:0.00307243[&&NHX:label=speciation],transcript_5-36_ptro:0.00246757[&&NHX:label=speciation])1:0[&&NHX:label=speciation],(transcript_4-24_ppan:0.00307243[&&NHX:label=speciation],transcript_5-24_ptro:0.00246757[&&NHX:label=speciation])1:0[&&NHX:label=speciation])1:0[&&NHX:label=creation],(transcript_4-29_ppan:0.00307243[&&NHX:label=speciation],transcript_5-29_ptro:0.00246757[&&NHX:label=speciation])1:0[&&NHX:label=speciation])1:0[&&NHX:label=creation],((transcript_4-31_ppan:0.00307243[&&NHX:label=speciation],transcript_5-31_ptro:0.00246757[&&NHX:label=speciation])1:0[&&NHX:label=speciation],(transcript_4-0_ppan:0.00307243[&&NHX:label=speciation],transcript_5-0_ptro:0.00246757[&&NHX:label=speciation])1:0.0430055[&&NHX:label=speciation])1:0[&&NHX:label=creation])1:0[&&NHX:label=creation])1:0.0175688[&&NHX:label=speciation])1:0[&&NHX:label=creation])1:0[&&NHX:label=creation])1:0.00836254[&&NHX:label=speciation],transcript_8-0_pabe:0.0172631[&&NHX:label=speciation])1:0[&&NHX:label=speciation];";"((((((transcript_4-34_ppan:1,transcript_5-34_ptro:1)1:1,(transcript_4-9_ppan:1,transcript_5-9_ptro:1)1:1)1:1,transcript_6-9_hsap:1)1:1,(((((transcript_4-24_ppan:1,transcript_5-24_ptro:1)1:1,((transcript_4-36_ppan:1,transcript_5-36_ptro:1)1:1,(transcript_4-13_ppan:1,transcript_5-13_ptro:1)1:1)1:1)1:1,transcript_6-13_hsap:1)1:1,(((((transcript_4-30_ppan:1,transcript_5-30_ptro:1)1:1,(transcript_4-18_ppan:1,transcript_5-18_ptro:1)1:1)1:1,((transcript_4-19_ppan:1,transcript_5-19_ptro:1)1:1,(((transcript_4-33_ppan:1,transcript_5-33_ptro:1)1:1,(transcript_4-26_ppan:1,transcript_5-26_ptro:1)1:1)1:1,(transcript_4-17_ppan:1,transcript_5-17_ptro:1)1:1)1:1)1:1)1:1,((transcript_4-25_ppan:1,transcript_5-25_ptro:1)1:1,((transcript_4-31_ppan:1,transcript_5-31_ptro:1)1:1,(transcript_4-10_ppan:1,transcript_5-10_ptro:1)1:1)1:1)1:1)1:1,transcript_6-10_hsap:1)1:1)1:1,(((transcript_4-29_ppan:1,transcript_5-29_ptro:1)1:1,(transcript_4-0_ppan:1,transcript_5-0_ptro:1)1:1)1:1,transcript_6-0_hsap:1)1:1)1:1)1:1,transcript_7-0_ggor:1)1:1,transcript_8-0_pabe:1);";2.960862159729004
41;41;avg_L-MinEvolRec;macse_msa;true_clustering;0.0;"(((transcript_6-1_hsap:0.00660945[&&NHX:label=speciation],((transcript_4-35_ppan:0.00307243[&&NHX:label=speciation],transcript_5-35_ptro:0.00246757[&&NHX:label=speciation])1:0[&&NHX:label=speciation],(transcript_4-1_ppan:0.00307243[&&NHX:label=speciation],transcript_5-1_ptro:0.00246757[&&NHX:label=speciation])1:0.0430055[&&NHX:label=speciation])1:0[&&NHX:label=creation])1:0.0175688[&&NHX:label=speciation],transcript_7-1_ggor:0.0156763[&&NHX:label=speciation])1:0.00836254[&&NHX:label=speciation],transcript_8-1_pabe:0.0172631[&&NHX:label=speciation])1:0[&&NHX:label=speciation];";"(((((transcript_4-35_ppan:1,transcript_5-35_ptro:1)1:1,(transcript_4-1_ppan:1,transcript_5-1_ptro:1)1:1)1:1,transcript_6-1_hsap:1)1:1,transcript_7-1_ggor:1)1:1,transcript_8-1_pabe:1);";0.059935331344604485
42;42;avg_L-MinEvolRec;macse_msa;true_clustering;0.0;"((((transcript_7-2_ggor:0.0735[&&NHX:label=speciation],transcript_7-49_ggor:0.0735[&&NHX:label=speciation])1:0.096[&&NHX:label=creation],transcript_7-48_ggor:0.1695[&&NHX:label=speciation])1:0[&&NHX:label=creation],(((transcript_4-11_ppan:0.00307243[&&NHX:label=speciation],transcript_5-11_ptro:0.00246757[&&NHX:label=speciation])1:0.0430055[&&NHX:label=speciation],transcript_6-11_hsap:0.00660945[&&NHX:label=speciation])1:0[&&NHX:label=speciation],transcript_6-2_hsap:0.00660945[&&NHX:label=speciation])1:0[&&NHX:label=creation])1:0.00836254[&&NHX:label=speciation],(transcript_8-55_pabe:0.1695[&&NHX:label=speciation],(transcript_8-56_pabe:0.0735[&&NHX:label=speciation],transcript_8-2_pabe:0.0735[&&NHX:label=speciation])1:0.096[&&NHX:label=creation])1:0[&&NHX:label=creation])1:0[&&NHX:label=speciation];";"(((((transcript_4-11_ppan:1,transcript_5-11_ptro:1)1:1,transcript_6-11_hsap:1)1:1,transcript_6-2_hsap:1)1:1,(transcript_7-48_ggor:1,(transcript_7-49_ggor:1,transcript_7-2_ggor:1)1:1)1:1)1:1,(transcript_8-55_pabe:1,(transcript_8-56_pabe:1,transcript_8-2_pabe:1)1:1)1:1);";0.10064029693603516
43;43;avg_L-MinEvolRec;macse_msa;true_clustering;0.0;"(((transcript_10-52_ENSG00000106290:1[&&NHX:label=speciation],transcript_11-52_ENSPTRG00000019474:1[&&NHX:label=speciation])1:1[&&NHX:label=speciation],transcript_7-52_ENSMUSG00000036980:1[&&NHX:label=speciation])1:1[&&NHX:label=duplication],transcript_12-52_ENSDARG00000102998:1[&&NHX:label=speciation])1:0[&&NHX:label=speciation];";"((transcript_7-52_ENSMUSG00000036980:1,(transcript_10-52_ENSG00000106290:1,transcript_11-52_ENSPTRG00000019474:1)1:1)1:1,transcript_12-52_ENSDARG00000102998:1);";0.006114006042480469
44;44;avg_L-MinEvolRec;macse_msa;true_clustering;0.2;"(transcript_6-7_hsap:0.00660945[&&NHX:label=speciation],((transcript_4-7_ppan:0.00307243[&&NHX:label=speciation],transcript_5-7_ptro:0.00246757[&&NHX:label=speciation])1:0.0430055[&&NHX:label=speciation],((transcript_4-20_ppan:0.00307243[&&NHX:label=speciation],transcript_5-20_ptro:0.00246757[&&NHX:label=speciation])1:0[&&NHX:label=speciation],(transcript_4-21_ppan:0.00307243[&&NHX:label=speciation],transcript_5-21_ptro:0.00246757[&&NHX:label=speciation])1:0[&&NHX:label=speciation])1:0[&&NHX:label=creation])1:0[&&NHX:label=creation])1:0[&&NHX:label=speciation];";"(((transcript_4-20_ppan:1,transcript_5-20_ptro:1)1:1,((transcript_4-21_ppan:1,transcript_5-21_ptro:1)1:1,(transcript_4-7_ppan:1,transcript_5-7_ptro:1)1:1)1:1)1:1,transcript_6-7_hsap:1);";0.07917165756225586
45;45;avg_L-MinEvolRec;macse_msa;true_clustering;0.25;"((transcript_4-32_ppan:0.00307243[&&NHX:label=speciation],transcript_5-32_ptro:0.00246757[&&NHX:label=speciation])1:0[&&NHX:label=speciation],((transcript_4-28_ppan:0.00307243[&&NHX:label=speciation],transcript_5-28_ptro:0.00246757[&&NHX:label=speciation])1:0[&&NHX:label=speciation],(transcript_4-14_ppan:0.00307243[&&NHX:label=speciation],transcript_5-14_ptro:0.00246757[&&NHX:label=speciation])1:0[&&NHX:label=speciation])1:0[&&NHX:label=creation])1:0[&&NHX:label=creation];";"((transcript_4-28_ppan:1,transcript_5-28_ptro:1)1:1,((transcript_4-32_ppan:1,transcript_5-32_ptro:1)1:1,(transcript_4-14_ppan:1,transcript_5-14_ptro:1)1:1)1:1);";0.0687868595123291
46;46;avg_L-MinEvolRec;macse_msa;true_clustering;0.16699999999999998;"(((transcript_4-23_ppan:0.00307243[&&NHX:label=speciation],transcript_5-23_ptro:0.00246757[&&NHX:label=speciation])1:0[&&NHX:label=speciation],(transcript_4-22_ppan:0.00307243[&&NHX:label=speciation],transcript_5-22_ptro:0.00246757[&&NHX:label=speciation])1:0[&&NHX:label=speciation])1:0[&&NHX:label=creation],((transcript_4-27_ppan:0.00307243[&&NHX:label=speciation],transcript_5-27_ptro:0.00246757[&&NHX:label=speciation])1:0[&&NHX:label=speciation],(transcript_4-15_ppan:0.00307243[&&NHX:label=speciation],transcript_5-15_ptro:0.00246757[&&NHX:label=speciation])1:0[&&NHX:label=speciation])1:0[&&NHX:label=creation])1:0[&&NHX:label=creation];";"((transcript_4-22_ppan:1,transcript_5-22_ptro:1)1:1,((transcript_4-23_ppan:1,transcript_5-23_ptro:1)1:1,((transcript_4-27_ppan:1,transcript_5-27_ptro:1)1:1,(transcript_4-15_ppan:1,transcript_5-15_ptro:1)1:1)1:1)1:1);";0.1937427520751953
47;47;avg_L-MinEvolRec;macse_msa;true_clustering;0.0;"(((transcript_6-1_hsap:0.00660945[&&NHX:label=speciation],((transcript_4-48_ppan:0.00307243[&&NHX:label=speciation],transcript_5-48_ptro:0.00246757[&&NHX:label=speciation])1:0[&&NHX:label=speciation],(transcript_4-1_ppan:0.00307243[&&NHX:label=speciation],transcript_5-1_ptro:0.00246757[&&NHX:label=speciation])1:0.0430055[&&NHX:label=speciation])1:0[&&NHX:label=creation])1:0.0175688[&&NHX:label=speciation],(transcript_7-1_ggor:0.002[&&NHX:label=speciation],transcript_7-68_ggor:0.002[&&NHX:label=speciation])1:0[&&NHX:label=creation])1:0.00836254[&&NHX:label=speciation],transcript_8-1_pabe:0.0172631[&&NHX:label=speciation])1:0[&&NHX:label=speciation];";"(((((transcript_4-48_ppan:1,transcript_5-48_ptro:1)1:1,(transcript_4-1_ppan:1,transcript_5-1_ptro:1)1:1)1:1,transcript_6-1_hsap:1)1:1,(transcript_7-68_ggor:1,transcript_7-1_ggor:1)1:1)1:1,transcript_8-1_pabe:1);";0.0637814998626709
48;48;avg_L-MinEvolRec;macse_msa;true_clustering;0.2;"(((transcript_6-3_hsap:0.00660945[&&NHX:label=speciation],((((transcript_4-24_ppan:0.00307243[&&NHX:label=speciation],transcript_5-24_ptro:0.00246757[&&NHX:label=speciation])1:0[&&NHX:label=speciation],((transcript_4-30_ppan:0.00307243[&&NHX:label=speciation],transcript_5-30_ptro:0.00246757[&&NHX:label=speciation])1:0[&&NHX:label=speciation],(transcript_5-39_ptro:0.00246757[&&NHX:label=speciation],(transcript_4-54_ppan:0[&&NHX:label=speciation],transcript_4-39_ppan:0[&&NHX:label=speciation])1:0[&&NHX:label=creation])1:0[&&NHX:label=speciation])1:0[&&NHX:label=creation])1:0[&&NHX:label=creation],(((transcript_4-46_ppan:0.00307243[&&NHX:label=speciation],transcript_5-46_ptro:0.00246757[&&NHX:label=speciation])1:0[&&NHX:label=speciation],(transcript_4-25_ppan:0.00307243[&&NHX:label=speciation],(transcript_5-25_ptro:0.005[&&NHX:label=speciation],transcript_5-59_ptro:0.005[&&NHX:label=speciation])1:0[&&NHX:label=creation])1:0[&&NHX:label=speciation])1:0[&&NHX:label=creation],(transcript_4-34_ppan:0.00307243[&&NHX:label=speciation],transcript_5-34_ptro:0.00246757[&&NHX:label=speciation])1:0[&&NHX:label=speciation])1:0[&&NHX:label=creation])1:0[&&NHX:label=creation],(transcript_4-3_ppan:0.00307243[&&NHX:label=speciation],transcript_5-3_ptro:0.00246757[&&NHX:label=speciation])1:0.0430055[&&NHX:label=speciation])1:0[&&NHX:label=creation])1:0.0175688[&&NHX:label=speciation],(transcript_7-69_ggor:0.003[&&NHX:label=speciation],transcript_7-3_ggor:0.003[&&NHX:label=speciation])1:0[&&NHX:label=creation])1:0.00836254[&&NHX:label=speciation],((transcript_8-76_pabe:0.003[&&NHX:label=speciation],transcript_8-3_pabe:0.003[&&NHX:label=speciation])1:0.00225[&&NHX:label=creation],transcript_8-75_pabe:0.00525[&&NHX:label=speciation])1:0[&&NHX:label=creation])1:0[&&NHX:label=speciation];";"((((((transcript_4-34_ppan:1,transcript_5-34_ptro:1)1:1,(((transcript_4-54_ppan:1,transcript_4-39_ppan:1)1:1,transcript_5-39_ptro:1)1:1,(transcript_4-24_ppan:1,transcript_5-24_ptro:1)1:1)1:1)1:1,(((transcript_4-46_ppan:1,transcript_5-46_ptro:1)1:1,(transcript_4-25_ppan:1,(transcript_5-59_ptro:1,transcript_5-25_ptro:1)1:1)1:1)1:1,((transcript_4-30_ppan:1,transcript_5-30_ptro:1)1:1,(transcript_4-3_ppan:1,transcript_5-3_ptro:1)1:1)1:1)1:1)1:1,transcript_6-3_hsap:1)1:1,(transcript_7-69_ggor:1,transcript_7-3_ggor:1)1:1)1:1,(transcript_8-75_pabe:1,(transcript_8-76_pabe:1,transcript_8-3_pabe:1)1:1)1:1);";0.6689350605010986
49;49;avg_L-MinEvolRec;macse_msa;true_clustering;0.467;"((transcript_6-15_hsap:0.00660945[&&NHX:label=speciation],((transcript_4-41_ppan:0.00307243[&&NHX:label=speciation],transcript_5-41_ptro:0.00246757[&&NHX:label=speciation])1:0[&&NHX:label=speciation],(transcript_4-15_ppan:0.00307243[&&NHX:label=speciation],transcript_5-15_ptro:0.00246757[&&NHX:label=speciation])1:0.0430055[&&NHX:label=speciation])1:0[&&NHX:label=creation])1:0[&&NHX:label=speciation],(transcript_6-11_hsap:0.00660945[&&NHX:label=speciation],((((transcript_5-35_ptro:0.00246757[&&NHX:label=speciation],(transcript_4-35_ppan:0[&&NHX:label=speciation],transcript_4-53_ppan:0[&&NHX:label=speciation])1:0[&&NHX:label=creation])1:0[&&NHX:label=speciation],(transcript_4-22_ppan:0.00307243[&&NHX:label=speciation],transcript_5-22_ptro:0.00246757[&&NHX:label=speciation])1:0[&&NHX:label=speciation])1:0[&&NHX:label=creation],((transcript_4-23_ppan:0.00307243[&&NHX:label=speciation],transcript_5-23_ptro:0.00246757[&&NHX:label=speciation])1:0[&&NHX:label=speciation],(transcript_4-40_ppan:0.00307243[&&NHX:label=speciation],transcript_5-40_ptro:0.00246757[&&NHX:label=speciation])1:0[&&NHX:label=speciation])1:0[&&NHX:label=creation])1:0[&&NHX:label=creation],(transcript_4-11_ppan:0.00307243[&&NHX:label=speciation],transcript_5-11_ptro:0.00246757[&&NHX:label=speciation])1:0.0430055[&&NHX:label=speciation])1:0[&&NHX:label=creation])1:0[&&NHX:label=speciation])1:0[&&NHX:label=creation];";"((((((transcript_4-40_ppan:1,transcript_5-40_ptro:1)1:1,((transcript_4-53_ppan:1,transcript_4-35_ppan:1)1:1,transcript_5-35_ptro:1)1:1)1:1,(transcript_4-22_ppan:1,transcript_5-22_ptro:1)1:1)1:1,((transcript_4-23_ppan:1,transcript_5-23_ptro:1)1:1,(transcript_4-15_ppan:1,transcript_5-15_ptro:1)1:1)1:1)1:1,transcript_6-15_hsap:1)1:1,(((transcript_4-41_ppan:1,transcript_5-41_ptro:1)1:1,(transcript_4-11_ppan:1,transcript_5-11_ptro:1)1:1)1:1,transcript_6-11_hsap:1)1:1);";0.5909450054168701
50;50;avg_L-MinEvolRec;macse_msa;true_clustering;0.0;"((transcript_7-2_ggor:1[&&NHX:label=speciation],transcript_6-2_hsap:1[&&NHX:label=speciation])1:1[&&NHX:label=speciation],transcript_8-2_pabe:1[&&NHX:label=speciation])1:0[&&NHX:label=speciation];";"((transcript_6-2_hsap:1,transcript_7-2_ggor:1)1:1,transcript_8-2_pabe:1);";0.006642580032348633
